model,score_key,mean_across_training_seeds,std_across_training_seeds,n_training_seeds,sem_across_training_seeds,pooled_seed_split_std,pooled_within_seed_split_variance,effective_n_splits,estimated_training_seed_variance_component,estimated_nested_total_std,headline_uncertainty
VAR,KL_or_JSD_score,0.09109051853,0.002443433293,3,0.001410716869,0.003321136225,8.174052667e-06,4,3.926853089e-06,0.003478635617,sample SD across training-seed means (ddof=1)
VAR,QNT_score,0.3958163262,3.170891702e-05,3,1.830715178e-05,0.008117018422,8.0526425e-05,4,0,0.008973651709,sample SD across training-seed means (ddof=1)
VAR,MOM_score,0.0757827078,0.01445830759,3,0.008347507777,0.01479597736,8.175434899e-05,4,0.000188604071,0.01644257948,sample SD across training-seed means (ddof=1)
VAR,Mean_score,0.815936152,0.05050264942,3,0.02915771824,0.0437146913,6.8508423e-05,4,0.002533390492,0.05100881214,sample SD across training-seed means (ddof=1)
VAR,TRJDIST_score,0.3371801996,0.002733842761,3,0.001578384854,0.02005734966,0.0004850532067,4,0,0.02202392351,sample SD across training-seed means (ddof=1)
VAR,ACF_score,0.6243875813,0.0393502326,3,0.02271886738,0.03452272498,8.027527785e-05,4,0.001528371986,0.04010794514,sample SD across training-seed means (ddof=1)
VAR,PSD_score,0.06584631303,0.008136190999,3,0.004697432063,0.007459759223,9.171916958e-06,4,6.390462473e-05,0.008548481835,sample SD across training-seed means (ddof=1)
VAR,GRAPH_score,0.7681204761,0.07687721576,3,0.04438508121,0.07941539747,0.002454889832,4,0.005296383845,0.08804131801,sample SD across training-seed means (ddof=1)
VAR,CrossRegionMI_score,0.661554526,0.02112605139,3,0.01219713146,0.03049993079,0.0007402470202,4,0.0002612482922,0.03164641073,sample SD across training-seed means (ddof=1)
VAR,LaggedCovariance_score,0.5117473702,0.02700665643,3,0.01559230036,0.03201568691,0.0006044633733,4,0.0005782436481,0.03439050772,sample SD across training-seed means (ddof=1)
VAR,ImpulseResponse_score,0.5145373952,0.003984364345,3,0.002300373827,0.06277686927,0.004802587467,4,0,0.06930070322,sample SD across training-seed means (ddof=1)
VAR,MANI_score,0.6035317332,0.003357054805,3,0.001938196495,0.04596359699,0.00257211291,4,0,0.05071600251,sample SD across training-seed means (ddof=1)
VAR,SubspaceAngle_score,0.9100449511,0.04064305475,3,0.0234652786,0.04160485846,0.0006473048359,4,0.001490031691,0.04623133706,sample SD across training-seed means (ddof=1)
VAR,LatentStateOccupancyK11_score,0.34610968,0.004514250711,3,0.002606303863,0.00851698152,7.054456005e-05,4,2.742319469e-06,0.008560775638,sample SD across training-seed means (ddof=1)
VAR,LatentStateOccupancyK12_score,0.3277674505,0.008073618761,3,0.004661305965,0.02796581523,0.000897943164,4,0,0.02996569979,sample SD across training-seed means (ddof=1)
VAR,LatentStateTransitionLag1K11_score,0.3614971144,0.004842951534,3,0.002796079372,0.009384585078,8.679348572e-05,4,1.755808131e-06,0.009410063435,sample SD across training-seed means (ddof=1)
VAR,LatentStateTransitionLag2K11_score,0.3392547397,0.004869942877,3,0.002811662831,0.0106561214,0.000117705712,4,0,0.01084922633,sample SD across training-seed means (ddof=1)
VAR,LatentStateTransitionLag3K11_score,0.3246964879,0.004950889611,3,0.00285839745,0.011308359,0.0001345087059,4,0,0.01159778884,sample SD across training-seed means (ddof=1)
VAR,family_distribution,0.3446564261,0.008392299906,3,0.00484529661,0.008565437219,2.706536451e-05,4,6.366435658e-05,0.009525215015,sample SD across training-seed means (ddof=1)
VAR,family_temporal_spectral,0.3424713647,0.009493399612,3,0.005481016821,0.01082532562,6.311859265e-05,4,7.434498803e-05,0.01172448637,sample SD across training-seed means (ddof=1)
VAR,family_relational,0.6139899419,0.03224857198,3,0.01861872171,0.03309872777,0.0004145578248,4,0.0009363309386,0.03675443869,sample SD across training-seed means (ddof=1)
VAR,family_geometry,0.7567883422,0.02200005478,3,0.01270173755,0.03108257355,0.0007505967646,4,0.0002963532191,0.03235660649,sample SD across training-seed means (ddof=1)
VAR,family_state_dynamics,0.3398650945,0.005450330699,3,0.003146749896,0.007915176585,5.016682071e-05,4,1.716439955e-05,0.008205560326,sample SD across training-seed means (ddof=1)
VAR,PSDShape_score,0.7646810006,0.008232488252,3,0.004753029308,0.01370533108,0.0001693340221,4,2.544035729e-05,0.01395615919,sample SD across training-seed means (ddof=1)
VAR,PSDPower_score,0.00937576709,0.004012861096,3,0.002316826434,0.00353958751,9.990048651e-07,4,1.585330296e-05,0.004105156248,sample SD across training-seed means (ddof=1)
VAR,DirectionalDynamics_score,0.6570880095,0.01226249007,3,0.007079751941,0.01740565822,0.0002366196685,4,9.121374551e-05,0.01810617061,sample SD across training-seed means (ddof=1)
VAR,composite_score,0.482224464,0.01427372552,3,0.008240939271,0.0148613223,8.883710929e-05,4,0.0001815299629,0.01644284258,sample SD across training-seed means (ddof=1)
VAR,FINAL_COMPOSITE_SCORE,0.482224464,0.01427372552,3,0.008240939271,0.0148613223,8.883710929e-05,4,0.0001815299629,0.01644284258,sample SD across training-seed means (ddof=1)
VAR,FINAL_NEURO_COMPOSITE_SCORE,0.482224464,0.01427372552,3,0.008240939271,0.0148613223,8.883710929e-05,4,0.0001815299629,0.01644284258,sample SD across training-seed means (ddof=1)
VAR,KL_or_JSD_score01,0.09109051853,0.002443433293,3,0.001410716869,0.003321136225,8.174052667e-06,4,3.926853089e-06,0.003478635617,sample SD across training-seed means (ddof=1)
VAR,QNT_score01,0.3958163262,3.170891702e-05,3,1.830715178e-05,0.008117018422,8.0526425e-05,4,0,0.008973651709,sample SD across training-seed means (ddof=1)
VAR,MOM_score01,0.0757827078,0.01445830759,3,0.008347507777,0.01479597736,8.175434899e-05,4,0.000188604071,0.01644257948,sample SD across training-seed means (ddof=1)
VAR,Mean_score01,0.815936152,0.05050264942,3,0.02915771824,0.0437146913,6.8508423e-05,4,0.002533390492,0.05100881214,sample SD across training-seed means (ddof=1)
VAR,TRJDIST_score01,0.3371801996,0.002733842761,3,0.001578384854,0.02005734966,0.0004850532067,4,0,0.02202392351,sample SD across training-seed means (ddof=1)
VAR,ACF_score01,0.6243875813,0.0393502326,3,0.02271886738,0.03452272498,8.027527785e-05,4,0.001528371986,0.04010794514,sample SD across training-seed means (ddof=1)
VAR,PSD_score01,0.06584631303,0.008136190999,3,0.004697432063,0.007459759223,9.171916958e-06,4,6.390462473e-05,0.008548481835,sample SD across training-seed means (ddof=1)
VAR,PSDShape_score01,0.7646810006,0.008232488252,3,0.004753029308,0.01370533108,0.0001693340221,4,2.544035729e-05,0.01395615919,sample SD across training-seed means (ddof=1)
VAR,PSDPower_score01,0.00937576709,0.004012861096,3,0.002316826434,0.00353958751,9.990048651e-07,4,1.585330296e-05,0.004105156248,sample SD across training-seed means (ddof=1)
VAR,DirectionalDynamics_score01,0.6570880095,0.01226249007,3,0.007079751941,0.01740565822,0.0002366196685,4,9.121374551e-05,0.01810617061,sample SD across training-seed means (ddof=1)
VAR,GRAPH_score01,0.7681204761,0.07687721576,3,0.04438508121,0.07941539747,0.002454889832,4,0.005296383845,0.08804131801,sample SD across training-seed means (ddof=1)
VAR,CrossRegionMI_score01,0.661554526,0.02112605139,3,0.01219713146,0.03049993079,0.0007402470202,4,0.0002612482922,0.03164641073,sample SD across training-seed means (ddof=1)
VAR,LaggedCovariance_score01,0.5117473702,0.02700665643,3,0.01559230036,0.03201568691,0.0006044633733,4,0.0005782436481,0.03439050772,sample SD across training-seed means (ddof=1)
VAR,ImpulseResponse_score01,0.5145373952,0.003984364345,3,0.002300373827,0.06277686927,0.004802587467,4,0,0.06930070322,sample SD across training-seed means (ddof=1)
VAR,MANI_score01,0.6035317332,0.003357054805,3,0.001938196495,0.04596359699,0.00257211291,4,0,0.05071600251,sample SD across training-seed means (ddof=1)
VAR,SubspaceAngle_score01,0.9100449511,0.04064305475,3,0.0234652786,0.04160485846,0.0006473048359,4,0.001490031691,0.04623133706,sample SD across training-seed means (ddof=1)
VAR,LatentStateOccupancyK11_score01,0.34610968,0.004514250711,3,0.002606303863,0.00851698152,7.054456005e-05,4,2.742319469e-06,0.008560775638,sample SD across training-seed means (ddof=1)
VAR,LatentStateOccupancyK12_score01,0.3277674505,0.008073618761,3,0.004661305965,0.02796581523,0.000897943164,4,0,0.02996569979,sample SD across training-seed means (ddof=1)
VAR,LatentStateTransitionLag1K11_score01,0.3614971144,0.004842951534,3,0.002796079372,0.009384585078,8.679348572e-05,4,1.755808131e-06,0.009410063435,sample SD across training-seed means (ddof=1)
VAR,LatentStateTransitionLag2K11_score01,0.3392547397,0.004869942877,3,0.002811662831,0.0106561214,0.000117705712,4,0,0.01084922633,sample SD across training-seed means (ddof=1)
VAR,LatentStateTransitionLag3K11_score01,0.3246964879,0.004950889611,3,0.00285839745,0.011308359,0.0001345087059,4,0,0.01159778884,sample SD across training-seed means (ddof=1)
VAR,Error_score,0.4799486519,0.005918082583,3,0.003416806572,0.007416721533,3.609952552e-05,4,2.599882007e-05,0.007880250351,sample SD across training-seed means (ddof=1)
VAR,MI_score,0.121290198,0.006474292003,3,0.003737934231,0.01320737664,0.0001759390131,4,0,0.01326420043,sample SD across training-seed means (ddof=1)
VAR,FIDELITY_SCORE,0.3544181931,0.001580751478,3,0.0009126472911,0.004433057284,2.179797376e-05,4,0,0.004668830021,sample SD across training-seed means (ddof=1)
SSM,KL_or_JSD_score,0.2735363915,0.08959462312,3,0.05172747978,0.08044875362,0.0007749388452,4,0.007833461781,0.09278146704,sample SD across training-seed means (ddof=1)
SSM,QNT_score,0.4985017046,0.04357189666,3,0.02515624627,0.04204280726,0.0004728325144,4,0.00178030205,0.04746719462,sample SD across training-seed means (ddof=1)
SSM,MOM_score,0.3762927037,0.09223716461,3,0.05325315181,0.08483110547,0.001233102748,4,0.008199418848,0.09712116966,sample SD across training-seed means (ddof=1)
SSM,Mean_score,0.8584766088,0.007215640119,3,0.004165951765,0.0107864585,9.592231746e-05,4,2.808488296e-05,0.01113585203,sample SD across training-seed means (ddof=1)
SSM,TRJDIST_score,0.6431705768,0.05794298022,3,0.03345339522,0.05108507777,0.0002052694693,4,0.003306071589,0.05925656975,sample SD across training-seed means (ddof=1)
SSM,ACF_score,0.4341936715,0.02004930638,3,0.01157547243,0.01741901051,1.353818998e-05,4,0.0003985901387,0.02030094404,sample SD across training-seed means (ddof=1)
SSM,PSD_score,0.4288812876,0.08995214763,3,0.05193389665,0.08020630187,0.000670272062,4,0.007923820847,0.09270433058,sample SD across training-seed means (ddof=1)
SSM,GRAPH_score,0.5537455858,0.3521205003,3,0.2032968656,0.3122883203,0.008983685698,4,0.1217429253,0.3615613516,sample SD across training-seed means (ddof=1)
SSM,CrossRegionMI_score,0.6420194918,0.1793880462,3,0.1035697367,0.1533916093,0.0001531416546,4,0.03214178569,0.1797078945,sample SD across training-seed means (ddof=1)
SSM,LaggedCovariance_score,0.7142387644,0.08908897189,3,0.0514355419,0.07898873074,0.0005707395689,4,0.00779416002,0.091459825,sample SD across training-seed means (ddof=1)
SSM,ImpulseResponse_score,0.3368671074,0.01269425485,3,0.007329031458,0.04237543487,0.002051477715,4,0,0.04529324138,sample SD across training-seed means (ddof=1)
SSM,MANI_score,0.6741600202,0.1824822238,3,0.105356161,0.1599596876,0.001673335782,4,0.03288142807,0.1858891171,sample SD across training-seed means (ddof=1)
SSM,SubspaceAngle_score,0.9479235231,0.02492635945,3,0.01439124034,0.03149188876,0.0006598380526,4,0.0004563638822,0.03340960842,sample SD across training-seed means (ddof=1)
SSM,LatentStateOccupancyK11_score,0.6584912897,0.1087991714,3,0.06281523087,0.09734385873,0.001059557517,4,0.01157237031,0.1123918495,sample SD across training-seed means (ddof=1)
SSM,LatentStateOccupancyK12_score,0.6379286179,0.1082573184,3,0.06250239192,0.09560411518,0.0007538265927,4,0.01153119034,0.1108377956,sample SD across training-seed means (ddof=1)
SSM,LatentStateTransitionLag1K11_score,0.6956013935,0.1126114774,3,0.0650162668,0.1002210596,0.001004012218,4,0.01243034179,0.1159066608,sample SD across training-seed means (ddof=1)
SSM,LatentStateTransitionLag2K11_score,0.6816566768,0.1212323487,3,0.06999352917,0.1073799037,0.00102851354,4,0.01444015399,0.1243730981,sample SD across training-seed means (ddof=1)
SSM,LatentStateTransitionLag3K11_score,0.6680554067,0.1257389737,3,0.0725954303,0.1111359776,0.001042327172,4,0.01554970771,0.1288100729,sample SD across training-seed means (ddof=1)
SSM,family_distribution,0.5017018522,0.05458723509,3,0.03151595487,0.05037093714,0.0004523793907,4,0.002866671387,0.05761120358,sample SD across training-seed means (ddof=1)
SSM,family_temporal_spectral,0.5020818453,0.04242307306,3,0.02449297265,0.03799069573,0.0001642761733,4,0.001758648085,0.04385116028,sample SD across training-seed means (ddof=1)
SSM,family_relational,0.5617177373,0.1564351017,3,0.09031784809,0.1354050862,0.0006560425105,4,0.02430793042,0.1579999143,sample SD across training-seed means (ddof=1)
SSM,family_geometry,0.8110417717,0.07879327868,3,0.04549132066,0.07223697203,0.0008592150318,4,0.005993577007,0.08278159239,sample SD across training-seed means (ddof=1)
SSM,family_state_dynamics,0.6683466769,0.1153224373,3,0.06658144019,0.1017917662,0.0008425648958,4,0.01308862331,0.1180304546,sample SD across training-seed means (ddof=1)
SSM,PSDShape_score,0.8576968871,0.02512603139,3,0.01450652099,0.02268386204,6.773266004e-05,4,0.0006143842885,0.02611736871,sample SD across training-seed means (ddof=1)
SSM,PSDPower_score,0.249591886,0.09404945239,3,0.05429947665,0.08337988085,0.0006346504319,4,0.008686636886,0.09654681413,sample SD across training-seed means (ddof=1)
SSM,DirectionalDynamics_score,0.7678543101,0.0288614685,3,0.01666317661,0.02739482464,0.0001768184082,4,0.0007887797619,0.03107407553,sample SD across training-seed means (ddof=1)
SSM,composite_score,0.6018513173,0.09209417947,3,0.05317059931,0.08031404271,0.0003447885434,4,0.008395140756,0.09348758901,sample SD across training-seed means (ddof=1)
SSM,FINAL_COMPOSITE_SCORE,0.6018513173,0.09209417947,3,0.05317059931,0.08031404271,0.0003447885434,4,0.008395140756,0.09348758901,sample SD across training-seed means (ddof=1)
SSM,FINAL_NEURO_COMPOSITE_SCORE,0.6018513173,0.09209417947,3,0.05317059931,0.08031404271,0.0003447885434,4,0.008395140756,0.09348758901,sample SD across training-seed means (ddof=1)
SSM,KL_or_JSD_score01,0.2735363915,0.08959462312,3,0.05172747978,0.08044875362,0.0007749388452,4,0.007833461781,0.09278146704,sample SD across training-seed means (ddof=1)
SSM,QNT_score01,0.4985017046,0.04357189666,3,0.02515624627,0.04204280726,0.0004728325144,4,0.00178030205,0.04746719462,sample SD across training-seed means (ddof=1)
SSM,MOM_score01,0.3762927037,0.09223716461,3,0.05325315181,0.08483110547,0.001233102748,4,0.008199418848,0.09712116966,sample SD across training-seed means (ddof=1)
SSM,Mean_score01,0.8584766088,0.007215640119,3,0.004165951765,0.0107864585,9.592231746e-05,4,2.808488296e-05,0.01113585203,sample SD across training-seed means (ddof=1)
SSM,TRJDIST_score01,0.6431705768,0.05794298022,3,0.03345339522,0.05108507777,0.0002052694693,4,0.003306071589,0.05925656975,sample SD across training-seed means (ddof=1)
SSM,ACF_score01,0.4341936715,0.02004930638,3,0.01157547243,0.01741901051,1.353818998e-05,4,0.0003985901387,0.02030094404,sample SD across training-seed means (ddof=1)
SSM,PSD_score01,0.4288812876,0.08995214763,3,0.05193389665,0.08020630187,0.000670272062,4,0.007923820847,0.09270433058,sample SD across training-seed means (ddof=1)
SSM,PSDShape_score01,0.8576968871,0.02512603139,3,0.01450652099,0.02268386204,6.773266004e-05,4,0.0006143842885,0.02611736871,sample SD across training-seed means (ddof=1)
SSM,PSDPower_score01,0.249591886,0.09404945239,3,0.05429947665,0.08337988085,0.0006346504319,4,0.008686636886,0.09654681413,sample SD across training-seed means (ddof=1)
SSM,DirectionalDynamics_score01,0.7678543101,0.0288614685,3,0.01666317661,0.02739482464,0.0001768184082,4,0.0007887797619,0.03107407553,sample SD across training-seed means (ddof=1)
SSM,GRAPH_score01,0.5537455858,0.3521205003,3,0.2032968656,0.3122883203,0.008983685698,4,0.1217429253,0.3615613516,sample SD across training-seed means (ddof=1)
SSM,CrossRegionMI_score01,0.6420194918,0.1793880462,3,0.1035697367,0.1533916093,0.0001531416546,4,0.03214178569,0.1797078945,sample SD across training-seed means (ddof=1)
SSM,LaggedCovariance_score01,0.7142387644,0.08908897189,3,0.0514355419,0.07898873074,0.0005707395689,4,0.00779416002,0.091459825,sample SD across training-seed means (ddof=1)
SSM,ImpulseResponse_score01,0.3368671074,0.01269425485,3,0.007329031458,0.04237543487,0.002051477715,4,0,0.04529324138,sample SD across training-seed means (ddof=1)
SSM,MANI_score01,0.6741600202,0.1824822238,3,0.105356161,0.1599596876,0.001673335782,4,0.03288142807,0.1858891171,sample SD across training-seed means (ddof=1)
SSM,SubspaceAngle_score01,0.9479235231,0.02492635945,3,0.01439124034,0.03149188876,0.0006598380526,4,0.0004563638822,0.03340960842,sample SD across training-seed means (ddof=1)
SSM,LatentStateOccupancyK11_score01,0.6584912897,0.1087991714,3,0.06281523087,0.09734385873,0.001059557517,4,0.01157237031,0.1123918495,sample SD across training-seed means (ddof=1)
SSM,LatentStateOccupancyK12_score01,0.6379286179,0.1082573184,3,0.06250239192,0.09560411518,0.0007538265927,4,0.01153119034,0.1108377956,sample SD across training-seed means (ddof=1)
SSM,LatentStateTransitionLag1K11_score01,0.6956013935,0.1126114774,3,0.0650162668,0.1002210596,0.001004012218,4,0.01243034179,0.1159066608,sample SD across training-seed means (ddof=1)
SSM,LatentStateTransitionLag2K11_score01,0.6816566768,0.1212323487,3,0.06999352917,0.1073799037,0.00102851354,4,0.01444015399,0.1243730981,sample SD across training-seed means (ddof=1)
SSM,LatentStateTransitionLag3K11_score01,0.6680554067,0.1257389737,3,0.0725954303,0.1111359776,0.001042327172,4,0.01554970771,0.1288100729,sample SD across training-seed means (ddof=1)
SSM,Error_score,0.4559180502,0.01437869085,3,0.008301541033,0.01311227634,2.636396609e-05,4,0.000200155759,0.01505057225,sample SD across training-seed means (ddof=1)
SSM,MI_score,0.03511674728,0.007186014873,3,0.004148847621,0.00739287336,2.089887374e-05,4,4.641409131e-05,0.008204447882,sample SD across training-seed means (ddof=1)
SSM,FIDELITY_SCORE,0.3086375942,0.01181869738,3,0.006823528112,0.01056506458,1.2263736e-05,4,0.0001366156737,0.01220161504,sample SD across training-seed means (ddof=1)
RNN,KL_or_JSD_score,0.1170622462,0.004497472657,3,0.002596617049,0.007376026232,4.85161456e-05,4,8.098223897e-06,0.007524252089,sample SD across training-seed means (ddof=1)
RNN,QNT_score,0.4363594224,0.006429507145,3,0.003712077681,0.01510152353,0.0002419897384,4,0,0.01555601936,sample SD across training-seed means (ddof=1)
RNN,MOM_score,0.2598343676,0.01793430638,3,0.01035437662,0.01884520815,0.0001481606455,4,0.0002845991839,0.02080288032,sample SD across training-seed means (ddof=1)
RNN,Mean_score,0.887821161,0.006749569081,3,0.003896865526,0.01220268272,0.0001415007398,4,1.018149783e-05,0.0123159343,sample SD across training-seed means (ddof=1)
RNN,TRJDIST_score,0.4998861296,0.05571771048,3,0.03216863515,0.05347809954,0.0007359191491,4,0.002920483474,0.06046819514,sample SD across training-seed means (ddof=1)
RNN,ACF_score,0.5662965208,0.01966646046,3,0.01135443624,0.0178240611,4.450126221e-05,4,0.0003756443515,0.02049745383,sample SD across training-seed means (ddof=1)
RNN,PSD_score,0.3309407988,0.04357372255,3,0.02515730044,0.04200639436,0.0004689504966,4,0.001781431672,0.04743819315,sample SD across training-seed means (ddof=1)
RNN,GRAPH_score,0.4597176426,0.02811047966,3,0.016229593,0.04203101507,0.001456786219,4,0.0004260025121,0.0433911135,sample SD across training-seed means (ddof=1)
RNN,CrossRegionMI_score,0.5111522929,0.01659678021,3,0.009582155525,0.01643365027,8.523206281e-05,4,0.0002541450978,0.01842219207,sample SD across training-seed means (ddof=1)
RNN,LaggedCovariance_score,0.6711928739,0.004011943576,3,0.002316296704,0.005165051361,1.829886457e-05,4,1.152097512e-05,0.005460754498,sample SD across training-seed means (ddof=1)
RNN,ImpulseResponse_score,0.3425671742,0.04147516816,3,0.0239456995,0.05556988073,0.002245179055,4,0.00115889481,0.0583444416,sample SD across training-seed means (ddof=1)
RNN,MANI_score,0.5321290766,0.009450689008,3,0.005456357843,0.02370456894,0.000607383144,4,0,0.02464514443,sample SD across training-seed means (ddof=1)
RNN,SubspaceAngle_score,0.9875769935,0.002356684987,3,0.001360632711,0.008862713331,9.106587226e-05,4,0,0.009542844034,sample SD across training-seed means (ddof=1)
RNN,LatentStateOccupancyK11_score,0.6515961243,0.02228015613,3,0.01286345414,0.03926255497,0.001442865288,4,0.000135689035,0.03973102469,sample SD across training-seed means (ddof=1)
RNN,LatentStateOccupancyK12_score,0.5882215928,0.02901896452,3,0.01675410697,0.0356371055,0.0008036926402,4,0.0006411771415,0.03801144277,sample SD across training-seed means (ddof=1)
RNN,LatentStateTransitionLag1K11_score,0.6518126966,0.01959736358,3,0.01131454314,0.03428011254,0.001094881555,4,0.0001103362706,0.03471624729,sample SD across training-seed means (ddof=1)
RNN,LatentStateTransitionLag2K11_score,0.60247043,0.01808874796,3,0.0104435435,0.02868767056,0.0007150204938,4,0.0001484476792,0.02938482896,sample SD across training-seed means (ddof=1)
RNN,LatentStateTransitionLag3K11_score,0.5704497511,0.01785108966,3,0.01030633142,0.02661115118,0.0005822662024,4,0.0001730948514,0.02748383259,sample SD across training-seed means (ddof=1)
RNN,family_distribution,0.4252692993,0.005642541787,3,0.00325772302,0.01014365956,9.745843331e-05,4,7.47366949e-06,0.01024363719,sample SD across training-seed means (ddof=1)
RNN,family_temporal_spectral,0.4657078164,0.03785557594,3,0.02185592696,0.03396968128,0.0001365527415,4,0.001398906444,0.0391849357,sample SD across training-seed means (ddof=1)
RNN,family_relational,0.4961574959,0.01936566607,3,0.01118077252,0.02250490316,0.000285660572,4,0.0003036138795,0.02427497583,sample SD across training-seed means (ddof=1)
RNN,family_geometry,0.7598530351,0.00465743794,3,0.002688973048,0.01373485891,0.0002112862241,4,0,0.01453568795,sample SD across training-seed means (ddof=1)
RNN,family_state_dynamics,0.612910119,0.02091703161,3,0.01207645383,0.02684048872,0.0004915947212,4,0.000314623531,0.02839398268,sample SD across training-seed means (ddof=1)
RNN,PSDShape_score,0.6975559073,0.04506108374,3,0.02601602883,0.04250738358,0.0004035160113,4,0.001929622265,0.04830257008,sample SD across training-seed means (ddof=1)
RNN,PSDPower_score,0.171617608,0.0370524962,3,0.02139226866,0.035871193,0.0003523408399,4,0.001284802265,0.04046162509,sample SD across training-seed means (ddof=1)
RNN,DirectionalDynamics_score,0.7316879584,0.004794971032,3,0.002768377816,0.01296241935,0.0001849259435,4,0,0.01359874786,sample SD across training-seed means (ddof=1)
RNN,composite_score,0.5435618195,0.01300539988,3,0.00750867112,0.01295903541,5.490879764e-05,4,0.0001554132265,0.01450248338,sample SD across training-seed means (ddof=1)
RNN,FINAL_COMPOSITE_SCORE,0.5435618195,0.01300539988,3,0.00750867112,0.01295903541,5.490879764e-05,4,0.0001554132265,0.01450248338,sample SD across training-seed means (ddof=1)
RNN,FINAL_NEURO_COMPOSITE_SCORE,0.5435618195,0.01300539988,3,0.00750867112,0.01295903541,5.490879764e-05,4,0.0001554132265,0.01450248338,sample SD across training-seed means (ddof=1)
RNN,KL_or_JSD_score01,0.1170622462,0.004497472657,3,0.002596617049,0.007376026232,4.85161456e-05,4,8.098223897e-06,0.007524252089,sample SD across training-seed means (ddof=1)
RNN,QNT_score01,0.4363594224,0.006429507145,3,0.003712077681,0.01510152353,0.0002419897384,4,0,0.01555601936,sample SD across training-seed means (ddof=1)
RNN,MOM_score01,0.2598343676,0.01793430638,3,0.01035437662,0.01884520815,0.0001481606455,4,0.0002845991839,0.02080288032,sample SD across training-seed means (ddof=1)
RNN,Mean_score01,0.887821161,0.006749569081,3,0.003896865526,0.01220268272,0.0001415007398,4,1.018149783e-05,0.0123159343,sample SD across training-seed means (ddof=1)
RNN,TRJDIST_score01,0.4998861296,0.05571771048,3,0.03216863515,0.05347809954,0.0007359191491,4,0.002920483474,0.06046819514,sample SD across training-seed means (ddof=1)
RNN,ACF_score01,0.5662965208,0.01966646046,3,0.01135443624,0.0178240611,4.450126221e-05,4,0.0003756443515,0.02049745383,sample SD across training-seed means (ddof=1)
RNN,PSD_score01,0.3309407988,0.04357372255,3,0.02515730044,0.04200639436,0.0004689504966,4,0.001781431672,0.04743819315,sample SD across training-seed means (ddof=1)
RNN,PSDShape_score01,0.6975559073,0.04506108374,3,0.02601602883,0.04250738358,0.0004035160113,4,0.001929622265,0.04830257008,sample SD across training-seed means (ddof=1)
RNN,PSDPower_score01,0.171617608,0.0370524962,3,0.02139226866,0.035871193,0.0003523408399,4,0.001284802265,0.04046162509,sample SD across training-seed means (ddof=1)
RNN,DirectionalDynamics_score01,0.7316879584,0.004794971032,3,0.002768377816,0.01296241935,0.0001849259435,4,0,0.01359874786,sample SD across training-seed means (ddof=1)
RNN,GRAPH_score01,0.4597176426,0.02811047966,3,0.016229593,0.04203101507,0.001456786219,4,0.0004260025121,0.0433911135,sample SD across training-seed means (ddof=1)
RNN,CrossRegionMI_score01,0.5111522929,0.01659678021,3,0.009582155525,0.01643365027,8.523206281e-05,4,0.0002541450978,0.01842219207,sample SD across training-seed means (ddof=1)
RNN,LaggedCovariance_score01,0.6711928739,0.004011943576,3,0.002316296704,0.005165051361,1.829886457e-05,4,1.152097512e-05,0.005460754498,sample SD across training-seed means (ddof=1)
RNN,ImpulseResponse_score01,0.3425671742,0.04147516816,3,0.0239456995,0.05556988073,0.002245179055,4,0.00115889481,0.0583444416,sample SD across training-seed means (ddof=1)
RNN,MANI_score01,0.5321290766,0.009450689008,3,0.005456357843,0.02370456894,0.000607383144,4,0,0.02464514443,sample SD across training-seed means (ddof=1)
RNN,SubspaceAngle_score01,0.9875769935,0.002356684987,3,0.001360632711,0.008862713331,9.106587226e-05,4,0,0.009542844034,sample SD across training-seed means (ddof=1)
RNN,LatentStateOccupancyK11_score01,0.6515961243,0.02228015613,3,0.01286345414,0.03926255497,0.001442865288,4,0.000135689035,0.03973102469,sample SD across training-seed means (ddof=1)
RNN,LatentStateOccupancyK12_score01,0.5882215928,0.02901896452,3,0.01675410697,0.0356371055,0.0008036926402,4,0.0006411771415,0.03801144277,sample SD across training-seed means (ddof=1)
RNN,LatentStateTransitionLag1K11_score01,0.6518126966,0.01959736358,3,0.01131454314,0.03428011254,0.001094881555,4,0.0001103362706,0.03471624729,sample SD across training-seed means (ddof=1)
RNN,LatentStateTransitionLag2K11_score01,0.60247043,0.01808874796,3,0.0104435435,0.02868767056,0.0007150204938,4,0.0001484476792,0.02938482896,sample SD across training-seed means (ddof=1)
RNN,LatentStateTransitionLag3K11_score01,0.5704497511,0.01785108966,3,0.01030633142,0.02661115118,0.0005822662024,4,0.0001730948514,0.02748383259,sample SD across training-seed means (ddof=1)
RNN,Error_score,0.4719559785,0.003321826862,3,0.001917857633,0.005809575349,3.144295039e-05,4,3.173796103e-06,0.005883599791,sample SD across training-seed means (ddof=1)
RNN,MI_score,0.1427213268,0.02469711768,3,0.01425888754,0.02296512269,0.0001024204989,4,0.000584342497,0.02620616332,sample SD across training-seed means (ddof=1)
RNN,FIDELITY_SCORE,0.3567238504,0.01009460087,3,0.005828120531,0.009341076915,1.606724036e-05,4,9.788415667e-05,0.01067480197,sample SD across training-seed means (ddof=1)
1_step,KL_or_JSD_score,0.1199355182,0.01449245518,3,0.008367222898,0.01330930306,2.980699677e-05,4,0.0002025795079,0.01524422857,sample SD across training-seed means (ddof=1)
1_step,QNT_score,0.4258560593,0.009993246186,3,0.005769603376,0.01222572095,9.391455848e-05,4,7.638632972e-05,0.01304993824,sample SD across training-seed means (ddof=1)
1_step,MOM_score,0.203904176,0.0662848861,3,0.03826959683,0.06385613776,0.001078242292,4,0.004124125552,0.07212744168,sample SD across training-seed means (ddof=1)
1_step,Mean_score,0.8471528243,0.02200401458,3,0.01270402374,0.01992454398,5.482763551e-05,4,0.0004704697489,0.02291936702,sample SD across training-seed means (ddof=1)
1_step,TRJDIST_score,0.4622491442,0.06463579203,3,0.03731749193,0.06002258187,0.0006897254205,4,0.004005354256,0.06852065146,sample SD across training-seed means (ddof=1)
1_step,ACF_score,0.599489593,0.02040353692,3,0.01177998754,0.01844520696,4.578307858e-05,4,0.0004048585493,0.02122832136,sample SD across training-seed means (ddof=1)
1_step,PSD_score,0.1998552864,0.06037350286,3,0.03485665813,0.05220790129,9.140397102e-05,4,0.003622108855,0.06093859882,sample SD across training-seed means (ddof=1)
1_step,GRAPH_score,0.7514846445,0.06952223616,3,0.04013868176,0.08961014402,0.005518114051,4,0.003453812808,0.0947202558,sample SD across training-seed means (ddof=1)
1_step,CrossRegionMI_score,0.7914717047,0.01498464266,3,0.008651387471,0.01736567835,0.0001689909451,4,0.0001822917792,0.01874253783,sample SD across training-seed means (ddof=1)
1_step,LaggedCovariance_score,0.6441410816,0.02174381235,3,0.01255379591,0.0349291035,0.001070901998,4,0.000205067876,0.03572072051,sample SD across training-seed means (ddof=1)
1_step,ImpulseResponse_score,0.4989481763,0.04018434978,3,0.02320044516,0.0524448225,0.001926310859,4,0.001133204253,0.05531288378,sample SD across training-seed means (ddof=1)
1_step,MANI_score,0.6373119712,0.02020504373,3,0.01166538743,0.03554992102,0.001181757266,4,0.0001128044756,0.03598001864,sample SD across training-seed means (ddof=1)
1_step,SubspaceAngle_score,0.8332084225,0.06378078015,3,0.03682385059,0.08907085672,0.006080654372,4,0.002547824323,0.09288960488,sample SD across training-seed means (ddof=1)
1_step,LatentStateOccupancyK11_score,0.4734882847,0.0471256879,3,0.0272080286,0.05127495314,0.001239298371,4,0.001911005868,0.05612757111,sample SD across training-seed means (ddof=1)
1_step,LatentStateOccupancyK12_score,0.4648595337,0.05625142961,3,0.03247677803,0.06222616182,0.001919917856,4,0.002684243869,0.06785397354,sample SD across training-seed means (ddof=1)
1_step,LatentStateTransitionLag1K11_score,0.4898205053,0.04658629826,3,0.02689661184,0.04993736565,0.001118764432,4,0.001890592077,0.05485760211,sample SD across training-seed means (ddof=1)
1_step,LatentStateTransitionLag2K11_score,0.4573126152,0.04370446624,3,0.02523278535,0.04762181367,0.001073951728,4,0.001641592438,0.05211088337,sample SD across training-seed means (ddof=1)
1_step,LatentStateTransitionLag3K11_score,0.436072648,0.04210448628,3,0.02430903649,0.04584539273,0.0009930553626,4,0.001524523924,0.05017548492,sample SD across training-seed means (ddof=1)
1_step,family_distribution,0.3992121445,0.02040931142,3,0.01178332144,0.02008540993,0.0001228156301,4,0.000385836085,0.0225533083,sample SD across training-seed means (ddof=1)
1_step,family_temporal_spectral,0.4205313412,0.04838769437,3,0.02793664837,0.04245537246,0.0001217881582,4,0.002310921927,0.04932251094,sample SD across training-seed means (ddof=1)
1_step,family_relational,0.6715114018,0.02131813152,3,0.01230802897,0.02675376118,0.0004708554734,4,0.000336748863,0.02841838026,sample SD across training-seed means (ddof=1)
1_step,family_geometry,0.7352601968,0.02681332063,3,0.01548067788,0.04430077788,0.001759612759,4,0.0002790509734,0.045151564,sample SD across training-seed means (ddof=1)
1_step,family_state_dynamics,0.4643107174,0.04712544687,3,0.02720788944,0.04923670478,0.0009889246816,4,0.001973576572,0.05442886416,sample SD across training-seed means (ddof=1)
1_step,PSDShape_score,0.7779384318,0.04120936401,3,0.0237922374,0.03861080521,0.0003125604019,4,0.001620071581,0.04396171042,sample SD across training-seed means (ddof=1)
1_step,PSDPower_score,0.07352905507,0.03751074793,3,0.02165684041,0.03259793831,4.804796934e-05,4,0.001395044218,0.03798805322,sample SD across training-seed means (ddof=1)
1_step,DirectionalDynamics_score,0.6924934831,0.03642205939,3,0.02102828579,0.0351320737,0.0003293730386,4,0.00124422315,0.03966857937,sample SD across training-seed means (ddof=1)
1_step,composite_score,0.5406078142,0.01983584289,3,0.01145222923,0.01897985601,9.054433e-05,4,0.0003708245805,0.02147949977,sample SD across training-seed means (ddof=1)
1_step,FINAL_COMPOSITE_SCORE,0.5406078142,0.01983584289,3,0.01145222923,0.01897985601,9.054433e-05,4,0.0003708245805,0.02147949977,sample SD across training-seed means (ddof=1)
1_step,FINAL_NEURO_COMPOSITE_SCORE,0.5406078142,0.01983584289,3,0.01145222923,0.01897985601,9.054433e-05,4,0.0003708245805,0.02147949977,sample SD across training-seed means (ddof=1)
1_step,KL_or_JSD_score01,0.1199355182,0.01449245518,3,0.008367222898,0.01330930306,2.980699677e-05,4,0.0002025795079,0.01524422857,sample SD across training-seed means (ddof=1)
1_step,QNT_score01,0.4258560593,0.009993246186,3,0.005769603376,0.01222572095,9.391455848e-05,4,7.638632972e-05,0.01304993824,sample SD across training-seed means (ddof=1)
1_step,MOM_score01,0.203904176,0.0662848861,3,0.03826959683,0.06385613776,0.001078242292,4,0.004124125552,0.07212744168,sample SD across training-seed means (ddof=1)
1_step,Mean_score01,0.8471528243,0.02200401458,3,0.01270402374,0.01992454398,5.482763551e-05,4,0.0004704697489,0.02291936702,sample SD across training-seed means (ddof=1)
1_step,TRJDIST_score01,0.4622491442,0.06463579203,3,0.03731749193,0.06002258187,0.0006897254205,4,0.004005354256,0.06852065146,sample SD across training-seed means (ddof=1)
1_step,ACF_score01,0.599489593,0.02040353692,3,0.01177998754,0.01844520696,4.578307858e-05,4,0.0004048585493,0.02122832136,sample SD across training-seed means (ddof=1)
1_step,PSD_score01,0.1998552864,0.06037350286,3,0.03485665813,0.05220790129,9.140397102e-05,4,0.003622108855,0.06093859882,sample SD across training-seed means (ddof=1)
1_step,PSDShape_score01,0.7779384318,0.04120936401,3,0.0237922374,0.03861080521,0.0003125604019,4,0.001620071581,0.04396171042,sample SD across training-seed means (ddof=1)
1_step,PSDPower_score01,0.07352905507,0.03751074793,3,0.02165684041,0.03259793831,4.804796934e-05,4,0.001395044218,0.03798805322,sample SD across training-seed means (ddof=1)
1_step,DirectionalDynamics_score01,0.6924934831,0.03642205939,3,0.02102828579,0.0351320737,0.0003293730386,4,0.00124422315,0.03966857937,sample SD across training-seed means (ddof=1)
1_step,GRAPH_score01,0.7514846445,0.06952223616,3,0.04013868176,0.08961014402,0.005518114051,4,0.003453812808,0.0947202558,sample SD across training-seed means (ddof=1)
1_step,CrossRegionMI_score01,0.7914717047,0.01498464266,3,0.008651387471,0.01736567835,0.0001689909451,4,0.0001822917792,0.01874253783,sample SD across training-seed means (ddof=1)
1_step,LaggedCovariance_score01,0.6441410816,0.02174381235,3,0.01255379591,0.0349291035,0.001070901998,4,0.000205067876,0.03572072051,sample SD across training-seed means (ddof=1)
1_step,ImpulseResponse_score01,0.4989481763,0.04018434978,3,0.02320044516,0.0524448225,0.001926310859,4,0.001133204253,0.05531288378,sample SD across training-seed means (ddof=1)
1_step,MANI_score01,0.6373119712,0.02020504373,3,0.01166538743,0.03554992102,0.001181757266,4,0.0001128044756,0.03598001864,sample SD across training-seed means (ddof=1)
1_step,SubspaceAngle_score01,0.8332084225,0.06378078015,3,0.03682385059,0.08907085672,0.006080654372,4,0.002547824323,0.09288960488,sample SD across training-seed means (ddof=1)
1_step,LatentStateOccupancyK11_score01,0.4734882847,0.0471256879,3,0.0272080286,0.05127495314,0.001239298371,4,0.001911005868,0.05612757111,sample SD across training-seed means (ddof=1)
1_step,LatentStateOccupancyK12_score01,0.4648595337,0.05625142961,3,0.03247677803,0.06222616182,0.001919917856,4,0.002684243869,0.06785397354,sample SD across training-seed means (ddof=1)
1_step,LatentStateTransitionLag1K11_score01,0.4898205053,0.04658629826,3,0.02689661184,0.04993736565,0.001118764432,4,0.001890592077,0.05485760211,sample SD across training-seed means (ddof=1)
1_step,LatentStateTransitionLag2K11_score01,0.4573126152,0.04370446624,3,0.02523278535,0.04762181367,0.001073951728,4,0.001641592438,0.05211088337,sample SD across training-seed means (ddof=1)
1_step,LatentStateTransitionLag3K11_score01,0.436072648,0.04210448628,3,0.02430903649,0.04584539273,0.0009930553626,4,0.001524523924,0.05017548492,sample SD across training-seed means (ddof=1)
1_step,Error_score,0.4759413343,0.003988159037,3,0.002302564693,0.006532268254,3.801472377e-05,4,6.40173156e-06,0.006664567153,sample SD across training-seed means (ddof=1)
1_step,MI_score,0.1723877536,0.01469395285,3,0.008483557631,0.0144415878,6.298400416e-05,4,0.0002001662492,0.01622190659,sample SD across training-seed means (ddof=1)
1_step,FIDELITY_SCORE,0.369697581,0.007129763486,3,0.004116370868,0.007043690361,1.545345489e-05,4,4.697016365e-05,0.007900861886,sample SD across training-seed means (ddof=1)
AR,KL_or_JSD_score,0.116193337,0.002385905573,3,0.001377503225,0.004663596111,2.152222804e-05,4,3.119883938e-07,0.004672709753,sample SD across training-seed means (ddof=1)
AR,QNT_score,0.4387723372,0.002382659345,3,0.001375629014,0.008258709877,7.831696142e-05,4,0,0.00884968708,sample SD across training-seed means (ddof=1)
AR,MOM_score,0.2724955708,0.02605509831,3,0.01504291802,0.03223373381,0.0006664671522,4,0.0005122513597,0.03433247023,sample SD across training-seed means (ddof=1)
AR,Mean_score,0.9206368015,0.002629284411,3,0.001518018063,0.01062316638,0.0001317848011,4,0,0.01147975615,sample SD across training-seed means (ddof=1)
AR,TRJDIST_score,0.4631064327,0.02189667775,3,0.01264205279,0.03536595709,0.001102504907,4,0.0002038382696,0.03614336975,sample SD across training-seed means (ddof=1)
AR,ACF_score,0.5662189731,0.0130446061,3,0.007531306843,0.01275165222,4.748411024e-05,4,0.0001582907207,0.01434485381,sample SD across training-seed means (ddof=1)
AR,PSD_score,0.180333697,0.01098439469,3,0.006341843232,0.01516750225,0.0001739254397,4,7.717556682e-05,0.01584616693,sample SD across training-seed means (ddof=1)
AR,GRAPH_score,0.7827294633,0.0009148690758,3,0.0005281999072,0.06774897777,0.005609163111,4,0,0.07489434632,sample SD across training-seed means (ddof=1)
AR,CrossRegionMI_score,0.7502215552,0.004462987126,3,0.002576706818,0.01595045304,0.0002932489378,4,0,0.01712451278,sample SD across training-seed means (ddof=1)
AR,LaggedCovariance_score,0.4051020891,0.004818885744,3,0.002782184981,0.03948128214,0.001884523862,4,0,0.04341110298,sample SD across training-seed means (ddof=1)
AR,ImpulseResponse_score,0.4795068161,0.01794648925,3,0.0103614104,0.03555393749,0.001258699486,4,7.401604833e-06,0.03558231429,sample SD across training-seed means (ddof=1)
AR,MANI_score,0.5690757772,0.03092122,3,0.01785237469,0.02991308461,0.0002437493526,4,0.000895184508,0.03374809418,sample SD across training-seed means (ddof=1)
AR,SubspaceAngle_score,0.8585547825,0.01443497346,3,0.008334035812,0.03181521279,0.001051926416,4,0,0.03243341512,sample SD across training-seed means (ddof=1)
AR,LatentStateOccupancyK11_score,0.5112561581,0.02097668028,3,0.01211089201,0.02446110822,0.0003401816717,4,0.0003549756977,0.02636583717,sample SD across training-seed means (ddof=1)
AR,LatentStateOccupancyK12_score,0.4722688006,0.02187350795,3,0.0126286757,0.03680393129,0.001230246683,4,0.0001708886791,0.03743174271,sample SD across training-seed means (ddof=1)
AR,LatentStateTransitionLag1K11_score,0.5334277946,0.0214318158,3,0.01237366462,0.02499020434,0.0003550035129,4,0.0003705718502,0.02693650614,sample SD across training-seed means (ddof=1)
AR,LatentStateTransitionLag2K11_score,0.5022692986,0.01940783129,3,0.01120511662,0.02219622606,0.0002673428487,4,0.0003098282034,0.02402438453,sample SD across training-seed means (ddof=1)
AR,LatentStateTransitionLag3K11_score,0.4809402959,0.01778896159,3,0.01027046176,0.02073708368,0.0002443017557,4,0.0002553717154,0.02235337717,sample SD across training-seed means (ddof=1)
AR,family_distribution,0.4370245116,0.008267888426,3,0.004773467608,0.01060453536,7.668378209e-05,4,4.91870335e-05,0.01121921635,sample SD across training-seed means (ddof=1)
AR,family_temporal_spectral,0.4032197009,0.006840755845,3,0.003949512229,0.01547454359,0.0002510787742,4,0,0.01584546542,sample SD across training-seed means (ddof=1)
AR,family_relational,0.6043899809,0.004596252026,3,0.002653647344,0.02270357502,0.0006112190274,4,0,0.02472284424,sample SD across training-seed means (ddof=1)
AR,family_geometry,0.7138152799,0.02016336086,3,0.01164132182,0.02445998626,0.000369856804,4,0.00031409692,0.02615250894,sample SD across training-seed means (ddof=1)
AR,family_state_dynamics,0.5000324696,0.02026303126,3,0.01169886655,0.02140143407,0.0001948346328,4,0.0003618817775,0.02359483864,sample SD across training-seed means (ddof=1)
AR,PSDShape_score,0.7939390844,0.007951971024,3,0.004591072611,0.01364610116,0.0001713895666,4,2.038645152e-05,0.01384832185,sample SD across training-seed means (ddof=1)
AR,PSDPower_score,0.08235328179,0.01109591686,3,0.006406230587,0.0134289175,0.0001109710121,4,9.537661798e-05,0.01436480526,sample SD across training-seed means (ddof=1)
AR,DirectionalDynamics_score,0.7408184627,0.01085071431,3,0.006264662827,0.01584157651,0.0002020674447,4,6.722113982e-05,0.01641001476,sample SD across training-seed means (ddof=1)
AR,composite_score,0.532271129,0.00303788222,3,0.001753922118,0.01044354855,0.0001251016603,4,0,0.01118488535,sample SD across training-seed means (ddof=1)
AR,FINAL_COMPOSITE_SCORE,0.532271129,0.00303788222,3,0.001753922118,0.01044354855,0.0001251016603,4,0,0.01118488535,sample SD across training-seed means (ddof=1)
AR,FINAL_NEURO_COMPOSITE_SCORE,0.532271129,0.00303788222,3,0.001753922118,0.01044354855,0.0001251016603,4,0,0.01118488535,sample SD across training-seed means (ddof=1)
AR,KL_or_JSD_score01,0.116193337,0.002385905573,3,0.001377503225,0.004663596111,2.152222804e-05,4,3.119883938e-07,0.004672709753,sample SD across training-seed means (ddof=1)
AR,QNT_score01,0.4387723372,0.002382659345,3,0.001375629014,0.008258709877,7.831696142e-05,4,0,0.00884968708,sample SD across training-seed means (ddof=1)
AR,MOM_score01,0.2724955708,0.02605509831,3,0.01504291802,0.03223373381,0.0006664671522,4,0.0005122513597,0.03433247023,sample SD across training-seed means (ddof=1)
AR,Mean_score01,0.9206368015,0.002629284411,3,0.001518018063,0.01062316638,0.0001317848011,4,0,0.01147975615,sample SD across training-seed means (ddof=1)
AR,TRJDIST_score01,0.4631064327,0.02189667775,3,0.01264205279,0.03536595709,0.001102504907,4,0.0002038382696,0.03614336975,sample SD across training-seed means (ddof=1)
AR,ACF_score01,0.5662189731,0.0130446061,3,0.007531306843,0.01275165222,4.748411024e-05,4,0.0001582907207,0.01434485381,sample SD across training-seed means (ddof=1)
AR,PSD_score01,0.180333697,0.01098439469,3,0.006341843232,0.01516750225,0.0001739254397,4,7.717556682e-05,0.01584616693,sample SD across training-seed means (ddof=1)
AR,PSDShape_score01,0.7939390844,0.007951971024,3,0.004591072611,0.01364610116,0.0001713895666,4,2.038645152e-05,0.01384832185,sample SD across training-seed means (ddof=1)
AR,PSDPower_score01,0.08235328179,0.01109591686,3,0.006406230587,0.0134289175,0.0001109710121,4,9.537661798e-05,0.01436480526,sample SD across training-seed means (ddof=1)
AR,DirectionalDynamics_score01,0.7408184627,0.01085071431,3,0.006264662827,0.01584157651,0.0002020674447,4,6.722113982e-05,0.01641001476,sample SD across training-seed means (ddof=1)
AR,GRAPH_score01,0.7827294633,0.0009148690758,3,0.0005281999072,0.06774897777,0.005609163111,4,0,0.07489434632,sample SD across training-seed means (ddof=1)
AR,CrossRegionMI_score01,0.7502215552,0.004462987126,3,0.002576706818,0.01595045304,0.0002932489378,4,0,0.01712451278,sample SD across training-seed means (ddof=1)
AR,LaggedCovariance_score01,0.4051020891,0.004818885744,3,0.002782184981,0.03948128214,0.001884523862,4,0,0.04341110298,sample SD across training-seed means (ddof=1)
AR,ImpulseResponse_score01,0.4795068161,0.01794648925,3,0.0103614104,0.03555393749,0.001258699486,4,7.401604833e-06,0.03558231429,sample SD across training-seed means (ddof=1)
AR,MANI_score01,0.5690757772,0.03092122,3,0.01785237469,0.02991308461,0.0002437493526,4,0.000895184508,0.03374809418,sample SD across training-seed means (ddof=1)
AR,SubspaceAngle_score01,0.8585547825,0.01443497346,3,0.008334035812,0.03181521279,0.001051926416,4,0,0.03243341512,sample SD across training-seed means (ddof=1)
AR,LatentStateOccupancyK11_score01,0.5112561581,0.02097668028,3,0.01211089201,0.02446110822,0.0003401816717,4,0.0003549756977,0.02636583717,sample SD across training-seed means (ddof=1)
AR,LatentStateOccupancyK12_score01,0.4722688006,0.02187350795,3,0.0126286757,0.03680393129,0.001230246683,4,0.0001708886791,0.03743174271,sample SD across training-seed means (ddof=1)
AR,LatentStateTransitionLag1K11_score01,0.5334277946,0.0214318158,3,0.01237366462,0.02499020434,0.0003550035129,4,0.0003705718502,0.02693650614,sample SD across training-seed means (ddof=1)
AR,LatentStateTransitionLag2K11_score01,0.5022692986,0.01940783129,3,0.01120511662,0.02219622606,0.0002673428487,4,0.0003098282034,0.02402438453,sample SD across training-seed means (ddof=1)
AR,LatentStateTransitionLag3K11_score01,0.4809402959,0.01778896159,3,0.01027046176,0.02073708368,0.0002443017557,4,0.0002553717154,0.02235337717,sample SD across training-seed means (ddof=1)
AR,Error_score,0.4770571904,0.002717589219,3,0.001569000867,0.006633961378,4.722461666e-05,4,0,0.006872016928,sample SD across training-seed means (ddof=1)
AR,MI_score,0.1515940145,0.007786357336,3,0.004495455504,0.01278476229,0.0001458814146,4,2.415700691e-05,0.01303987813,sample SD across training-seed means (ddof=1)
AR,FIDELITY_SCORE,0.3631450788,0.004472360404,3,0.002582118483,0.005406506207,1.794637137e-05,4,1.551541474e-05,0.005784616332,sample SD across training-seed means (ddof=1)
TF,KL_or_JSD_score,0.1465931593,0.02494666567,3,0.01440296414,0.02322310199,0.0001059720115,4,0.000595843125,0.02649179376,sample SD across training-seed means (ddof=1)
TF,QNT_score,0.4535505364,0.0171128909,3,0.009880132171,0.02054374729,0.0002555214222,4,0.0002289706796,0.02201118129,sample SD across training-seed means (ddof=1)
TF,MOM_score,0.2851598902,0.05030567493,3,0.02904399496,0.04835881066,0.0006087814229,4,0.002378465575,0.05465571331,sample SD across training-seed means (ddof=1)
TF,Mean_score,0.8705639758,0.007513098407,3,0.004337689388,0.01062698692,8.78542422e-05,4,3.448308713e-05,0.01106062066,sample SD across training-seed means (ddof=1)
TF,TRJDIST_score,0.5287716445,0.03533766169,3,0.02040220849,0.03480097458,0.0003702426089,4,0.001156189681,0.03906958267,sample SD across training-seed means (ddof=1)
TF,ACF_score,0.6162432078,0.01378420885,3,0.007958316691,0.01258651895,2.473219356e-05,4,0.0001838213653,0.01444138355,sample SD across training-seed means (ddof=1)
TF,PSD_score,0.2955728442,0.05606499236,3,0.03236913843,0.05141026886,0.0004363229163,4,0.003034202639,0.05891116664,sample SD across training-seed means (ddof=1)
TF,GRAPH_score,0.7944026528,0.05746258775,3,0.03317604051,0.06441166224,0.002135765847,4,0.002768007529,0.0700269475,sample SD across training-seed means (ddof=1)
TF,CrossRegionMI_score,0.8086879808,0.03179360778,3,0.01835604801,0.03020753653,0.0002167533258,4,0.0009566451639,0.03425490461,sample SD across training-seed means (ddof=1)
TF,LaggedCovariance_score,0.6941564884,0.06013089113,3,0.03471658618,0.05575550142,0.0005855158652,4,0.003469345101,0.06367779021,sample SD across training-seed means (ddof=1)
TF,ImpulseResponse_score,0.4853176665,0.02168439291,3,0.01251949008,0.0723171985,0.005973982891,4,0,0.07729154476,sample SD across training-seed means (ddof=1)
TF,MANI_score,0.5199494819,0.05544555205,3,0.0320115044,0.05391871246,0.0008206476832,4,0.002869047321,0.0607428597,sample SD across training-seed means (ddof=1)
TF,SubspaceAngle_score,0.908693217,0.04539862484,3,0.02621090827,0.05649782738,0.002069307598,4,0.001543708238,0.06010836744,sample SD across training-seed means (ddof=1)
TF,LatentStateOccupancyK11_score,0.5486679918,0.06577788042,3,0.03797687697,0.05742902464,0.0001850205742,4,0.004280474409,0.0668243592,sample SD across training-seed means (ddof=1)
TF,LatentStateOccupancyK12_score,0.5353165225,0.07632792471,3,0.04406794788,0.0750795337,0.00171096483,4,0.005398210883,0.08431592799,sample SD across training-seed means (ddof=1)
TF,LatentStateTransitionLag1K11_score,0.5681596777,0.06328236672,3,0.03653609146,0.05508243758,0.0001486178584,4,0.003967503474,0.06415700532,sample SD across training-seed means (ddof=1)
TF,LatentStateTransitionLag2K11_score,0.5362767573,0.05920475569,3,0.03418188163,0.05136806484,0.0001093149081,4,0.003477874369,0.05989314883,sample SD across training-seed means (ddof=1)
TF,LatentStateTransitionLag3K11_score,0.5161068082,0.05714689206,3,0.03299377351,0.04954967728,9.785972493e-05,4,0.003241302341,0.05778548317,sample SD across training-seed means (ddof=1)
TF,family_distribution,0.4389668904,0.02302057089,3,0.0132909328,0.0227840913,0.0001634099453,4,0.0004890941977,0.02554416064,sample SD across training-seed means (ddof=1)
TF,family_temporal_spectral,0.4801958988,0.03436958446,3,0.01984328884,0.03047906071,8.539531945e-05,4,0.001159919506,0.03528901848,sample SD across training-seed means (ddof=1)
TF,family_relational,0.6956411971,0.03322171719,3,0.01918056736,0.03610445737,0.0006121544799,4,0.0009506438728,0.03953224447,sample SD across training-seed means (ddof=1)
TF,family_geometry,0.7143213494,0.04340167266,3,0.02505796739,0.04370550368,0.0006602488944,4,0.001718642966,0.04877388502,sample SD across training-seed means (ddof=1)
TF,family_state_dynamics,0.5409055515,0.06427386143,3,0.0371085312,0.05656872102,0.0002390208968,4,0.004071374039,0.06565359804,sample SD across training-seed means (ddof=1)
TF,PSDShape_score,0.8437755869,0.01155701498,3,0.006672445712,0.0166575411,0.0002204104076,4,7.846199346e-05,0.01728792645,sample SD across training-seed means (ddof=1)
TF,PSDPower_score,0.1298173565,0.04394600891,3,0.02537224007,0.04036688652,0.0002749252455,4,0.001862520388,0.04623251706,sample SD across training-seed means (ddof=1)
TF,DirectionalDynamics_score,0.764885498,0.006857421311,3,0.00395913404,0.01705935649,0.0003138938074,4,0,0.01771704849,sample SD across training-seed means (ddof=1)
TF,composite_score,0.5759027072,0.03566291341,3,0.02058999266,0.03136950284,7.21950721e-05,4,0.001253794625,0.03641414144,sample SD across training-seed means (ddof=1)
TF,FINAL_COMPOSITE_SCORE,0.5759027072,0.03566291341,3,0.02058999266,0.03136950284,7.21950721e-05,4,0.001253794625,0.03641414144,sample SD across training-seed means (ddof=1)
TF,FINAL_NEURO_COMPOSITE_SCORE,0.5759027072,0.03566291341,3,0.02058999266,0.03136950284,7.21950721e-05,4,0.001253794625,0.03641414144,sample SD across training-seed means (ddof=1)
TF,KL_or_JSD_score01,0.1465931593,0.02494666567,3,0.01440296414,0.02322310199,0.0001059720115,4,0.000595843125,0.02649179376,sample SD across training-seed means (ddof=1)
TF,QNT_score01,0.4535505364,0.0171128909,3,0.009880132171,0.02054374729,0.0002555214222,4,0.0002289706796,0.02201118129,sample SD across training-seed means (ddof=1)
TF,MOM_score01,0.2851598902,0.05030567493,3,0.02904399496,0.04835881066,0.0006087814229,4,0.002378465575,0.05465571331,sample SD across training-seed means (ddof=1)
TF,Mean_score01,0.8705639758,0.007513098407,3,0.004337689388,0.01062698692,8.78542422e-05,4,3.448308713e-05,0.01106062066,sample SD across training-seed means (ddof=1)
TF,TRJDIST_score01,0.5287716445,0.03533766169,3,0.02040220849,0.03480097458,0.0003702426089,4,0.001156189681,0.03906958267,sample SD across training-seed means (ddof=1)
TF,ACF_score01,0.6162432078,0.01378420885,3,0.007958316691,0.01258651895,2.473219356e-05,4,0.0001838213653,0.01444138355,sample SD across training-seed means (ddof=1)
TF,PSD_score01,0.2955728442,0.05606499236,3,0.03236913843,0.05141026886,0.0004363229163,4,0.003034202639,0.05891116664,sample SD across training-seed means (ddof=1)
TF,PSDShape_score01,0.8437755869,0.01155701498,3,0.006672445712,0.0166575411,0.0002204104076,4,7.846199346e-05,0.01728792645,sample SD across training-seed means (ddof=1)
TF,PSDPower_score01,0.1298173565,0.04394600891,3,0.02537224007,0.04036688652,0.0002749252455,4,0.001862520388,0.04623251706,sample SD across training-seed means (ddof=1)
TF,DirectionalDynamics_score01,0.764885498,0.006857421311,3,0.00395913404,0.01705935649,0.0003138938074,4,0,0.01771704849,sample SD across training-seed means (ddof=1)
TF,GRAPH_score01,0.7944026528,0.05746258775,3,0.03317604051,0.06441166224,0.002135765847,4,0.002768007529,0.0700269475,sample SD across training-seed means (ddof=1)
TF,CrossRegionMI_score01,0.8086879808,0.03179360778,3,0.01835604801,0.03020753653,0.0002167533258,4,0.0009566451639,0.03425490461,sample SD across training-seed means (ddof=1)
TF,LaggedCovariance_score01,0.6941564884,0.06013089113,3,0.03471658618,0.05575550142,0.0005855158652,4,0.003469345101,0.06367779021,sample SD across training-seed means (ddof=1)
TF,ImpulseResponse_score01,0.4853176665,0.02168439291,3,0.01251949008,0.0723171985,0.005973982891,4,0,0.07729154476,sample SD across training-seed means (ddof=1)
TF,MANI_score01,0.5199494819,0.05544555205,3,0.0320115044,0.05391871246,0.0008206476832,4,0.002869047321,0.0607428597,sample SD across training-seed means (ddof=1)
TF,SubspaceAngle_score01,0.908693217,0.04539862484,3,0.02621090827,0.05649782738,0.002069307598,4,0.001543708238,0.06010836744,sample SD across training-seed means (ddof=1)
TF,LatentStateOccupancyK11_score01,0.5486679918,0.06577788042,3,0.03797687697,0.05742902464,0.0001850205742,4,0.004280474409,0.0668243592,sample SD across training-seed means (ddof=1)
TF,LatentStateOccupancyK12_score01,0.5353165225,0.07632792471,3,0.04406794788,0.0750795337,0.00171096483,4,0.005398210883,0.08431592799,sample SD across training-seed means (ddof=1)
TF,LatentStateTransitionLag1K11_score01,0.5681596777,0.06328236672,3,0.03653609146,0.05508243758,0.0001486178584,4,0.003967503474,0.06415700532,sample SD across training-seed means (ddof=1)
TF,LatentStateTransitionLag2K11_score01,0.5362767573,0.05920475569,3,0.03418188163,0.05136806484,0.0001093149081,4,0.003477874369,0.05989314883,sample SD across training-seed means (ddof=1)
TF,LatentStateTransitionLag3K11_score01,0.5161068082,0.05714689206,3,0.03299377351,0.04954967728,9.785972493e-05,4,0.003241302341,0.05778548317,sample SD across training-seed means (ddof=1)
TF,Error_score,0.4723699686,0.002847399594,3,0.001643946922,0.005374293618,2.809465281e-05,4,1.084021245e-06,0.005401728802,sample SD across training-seed means (ddof=1)
TF,MI_score,0.1629741716,0.004496277191,3,0.002595926846,0.0104965482,0.0001166911885,4,0,0.01080236958,sample SD across training-seed means (ddof=1)
TF,FIDELITY_SCORE,0.3640814396,0.002403602367,3,0.001387720473,0.002796352661,4.421892842e-06,4,4.671831126e-06,0.003015580204,sample SD across training-seed means (ddof=1)
TF_QL_0.08_KL_0.02,KL_or_JSD_score,0.1430735052,0.0235095325,3,0.01357323492,0.0212313792,5.965568262e-05,4,0.0005377841977,0.02444258334,sample SD across training-seed means (ddof=1)
TF_QL_0.08_KL_0.02,QNT_score,0.4543943836,0.0138129961,3,0.007974937019,0.01740565381,0.0002006815267,4,0.0001406284797,0.0184745773,sample SD across training-seed means (ddof=1)
TF_QL_0.08_KL_0.02,MOM_score,0.2946570559,0.03996719792,3,0.02307507248,0.03983636378,0.000519697711,4,0.001467452482,0.04457746283,sample SD across training-seed means (ddof=1)
TF_QL_0.08_KL_0.02,Mean_score,0.8605269753,0.009364260749,3,0.005406458464,0.01170840868,8.960445972e-05,4,6.528826444e-05,0.01244559055,sample SD across training-seed means (ddof=1)
TF_QL_0.08_KL_0.02,TRJDIST_score,0.5420555541,0.003189279618,3,0.001841331446,0.01856664312,0.0004122833966,4,0,0.02030476291,sample SD across training-seed means (ddof=1)
TF_QL_0.08_KL_0.02,ACF_score,0.579490407,0.0166353021,3,0.009604396147,0.0155590741,4.989627192e-05,4,0.0002642592081,0.01772443173,sample SD across training-seed means (ddof=1)
TF_QL_0.08_KL_0.02,PSD_score,0.2967568449,0.02467305297,3,0.01424499377,0.02698538962,0.0003489163826,4,0.000521530447,0.02950333591,sample SD across training-seed means (ddof=1)
TF_QL_0.08_KL_0.02,GRAPH_score,0.7569107374,0.05110801173,3,0.02950722433,0.061324827,0.002274649729,4,0.002043366431,0.06571161359,sample SD across training-seed means (ddof=1)
TF_QL_0.08_KL_0.02,CrossRegionMI_score,0.7773389046,0.006627792942,3,0.003826558039,0.01584395668,0.0002677688313,4,0,0.01636364358,sample SD across training-seed means (ddof=1)
TF_QL_0.08_KL_0.02,LaggedCovariance_score,0.6163437624,0.04428482247,3,0.02556785417,0.05785676082,0.002348032055,4,0.001374137487,0.06100958566,sample SD across training-seed means (ddof=1)
TF_QL_0.08_KL_0.02,ImpulseResponse_score,0.5647544535,0.07665269436,3,0.04425545372,0.08327327875,0.003252638231,4,0.005062475995,0.09118724815,sample SD across training-seed means (ddof=1)
TF_QL_0.08_KL_0.02,MANI_score,0.5190901792,0.08144688977,3,0.04702338373,0.07313663621,0.0006410973665,4,0.006473321511,0.08434701464,sample SD across training-seed means (ddof=1)
TF_QL_0.08_KL_0.02,SubspaceAngle_score,0.8363031607,0.09748542482,3,0.05628323626,0.1069270943,0.005526685996,4,0.008121736553,0.1168264634,sample SD across training-seed means (ddof=1)
TF_QL_0.08_KL_0.02,LatentStateOccupancyK11_score,0.5522247316,0.02124626256,3,0.01226653541,0.02951905505,0.0006637657039,4,0.000285462247,0.03080954318,sample SD across training-seed means (ddof=1)
TF_QL_0.08_KL_0.02,LatentStateOccupancyK12_score,0.5382408594,0.0269155633,3,0.01553970771,0.03917731458,0.001231989042,4,0.0004164502871,0.04060097695,sample SD across training-seed means (ddof=1)
TF_QL_0.08_KL_0.02,LatentStateTransitionLag1K11_score,0.5720099292,0.01851248273,3,0.01068818689,0.02767516552,0.0006314851687,4,0.0001848407246,0.02857141742,sample SD across training-seed means (ddof=1)
TF_QL_0.08_KL_0.02,LatentStateTransitionLag2K11_score,0.5386363941,0.01655818539,3,0.009559872792,0.02457055493,0.0004941606488,4,0.0001506333412,0.02539279406,sample SD across training-seed means (ddof=1)
TF_QL_0.08_KL_0.02,LatentStateTransitionLag3K11_score,0.5169976593,0.01555001986,3,0.008977808149,0.02248504433,0.0004029916071,4,0.0001410552157,0.02332481131,sample SD across training-seed means (ddof=1)
TF_QL_0.08_KL_0.02,family_distribution,0.43816298,0.01739333772,3,0.01004204822,0.01776469927,0.0001168004849,4,0.0002733280759,0.01975167236,sample SD across training-seed means (ddof=1)
TF_QL_0.08_KL_0.02,family_temporal_spectral,0.472767602,0.0128916205,3,0.007442980566,0.0139440415,8.991646607e-05,4,0.0001437147626,0.01528500012,sample SD across training-seed means (ddof=1)
TF_QL_0.08_KL_0.02,family_relational,0.6788369645,0.03787906512,3,0.02186948844,0.03660433494,0.0003622291234,4,0.001344266293,0.04130974966,sample SD across training-seed means (ddof=1)
TF_QL_0.08_KL_0.02,family_geometry,0.67769667,0.08891038164,3,0.05133243277,0.08444269335,0.001688422817,4,0.007482950259,0.09576728605,sample SD across training-seed means (ddof=1)
TF_QL_0.08_KL_0.02,family_state_dynamics,0.5436219147,0.01958900488,3,0.01130971724,0.02523285796,0.0004370928256,4,0.0002744559058,0.02667487078,sample SD across training-seed means (ddof=1)
TF_QL_0.08_KL_0.02,PSDShape_score,0.8442969948,0.02016334026,3,0.01164130993,0.02112471488,0.0001840341159,4,0.0003605517615,0.02333636384,sample SD across training-seed means (ddof=1)
TF_QL_0.08_KL_0.02,PSDPower_score,0.1312172236,0.02465402745,3,0.01423400938,0.02404166004,0.0001661607819,4,0.0005662808739,0.02706365932,sample SD across training-seed means (ddof=1)
TF_QL_0.08_KL_0.02,DirectionalDynamics_score,0.7349876443,0.006672304471,3,0.003852256782,0.01295154842,0.0001654457217,4,3.15821652e-06,0.01298475792,sample SD across training-seed means (ddof=1)
TF_QL_0.08_KL_0.02,composite_score,0.5642522407,0.03072407297,3,0.0177385518,0.02874317432,0.0001706801656,4,0.0009012986183,0.03274108709,sample SD across training-seed means (ddof=1)
TF_QL_0.08_KL_0.02,FINAL_COMPOSITE_SCORE,0.5642522407,0.03072407297,3,0.0177385518,0.02874317432,0.0001706801656,4,0.0009012986183,0.03274108709,sample SD across training-seed means (ddof=1)
TF_QL_0.08_KL_0.02,FINAL_NEURO_COMPOSITE_SCORE,0.5642522407,0.03072407297,3,0.0177385518,0.02874317432,0.0001706801656,4,0.0009012986183,0.03274108709,sample SD across training-seed means (ddof=1)
TF_QL_0.08_KL_0.02,KL_or_JSD_score01,0.1430735052,0.0235095325,3,0.01357323492,0.0212313792,5.965568262e-05,4,0.0005377841977,0.02444258334,sample SD across training-seed means (ddof=1)
TF_QL_0.08_KL_0.02,QNT_score01,0.4543943836,0.0138129961,3,0.007974937019,0.01740565381,0.0002006815267,4,0.0001406284797,0.0184745773,sample SD across training-seed means (ddof=1)
TF_QL_0.08_KL_0.02,MOM_score01,0.2946570559,0.03996719792,3,0.02307507248,0.03983636378,0.000519697711,4,0.001467452482,0.04457746283,sample SD across training-seed means (ddof=1)
TF_QL_0.08_KL_0.02,Mean_score01,0.8605269753,0.009364260749,3,0.005406458464,0.01170840868,8.960445972e-05,4,6.528826444e-05,0.01244559055,sample SD across training-seed means (ddof=1)
TF_QL_0.08_KL_0.02,TRJDIST_score01,0.5420555541,0.003189279618,3,0.001841331446,0.01856664312,0.0004122833966,4,0,0.02030476291,sample SD across training-seed means (ddof=1)
TF_QL_0.08_KL_0.02,ACF_score01,0.579490407,0.0166353021,3,0.009604396147,0.0155590741,4.989627192e-05,4,0.0002642592081,0.01772443173,sample SD across training-seed means (ddof=1)
TF_QL_0.08_KL_0.02,PSD_score01,0.2967568449,0.02467305297,3,0.01424499377,0.02698538962,0.0003489163826,4,0.000521530447,0.02950333591,sample SD across training-seed means (ddof=1)
TF_QL_0.08_KL_0.02,PSDShape_score01,0.8442969948,0.02016334026,3,0.01164130993,0.02112471488,0.0001840341159,4,0.0003605517615,0.02333636384,sample SD across training-seed means (ddof=1)
TF_QL_0.08_KL_0.02,PSDPower_score01,0.1312172236,0.02465402745,3,0.01423400938,0.02404166004,0.0001661607819,4,0.0005662808739,0.02706365932,sample SD across training-seed means (ddof=1)
TF_QL_0.08_KL_0.02,DirectionalDynamics_score01,0.7349876443,0.006672304471,3,0.003852256782,0.01295154842,0.0001654457217,4,3.15821652e-06,0.01298475792,sample SD across training-seed means (ddof=1)
TF_QL_0.08_KL_0.02,GRAPH_score01,0.7569107374,0.05110801173,3,0.02950722433,0.061324827,0.002274649729,4,0.002043366431,0.06571161359,sample SD across training-seed means (ddof=1)
TF_QL_0.08_KL_0.02,CrossRegionMI_score01,0.7773389046,0.006627792942,3,0.003826558039,0.01584395668,0.0002677688313,4,0,0.01636364358,sample SD across training-seed means (ddof=1)
TF_QL_0.08_KL_0.02,LaggedCovariance_score01,0.6163437624,0.04428482247,3,0.02556785417,0.05785676082,0.002348032055,4,0.001374137487,0.06100958566,sample SD across training-seed means (ddof=1)
TF_QL_0.08_KL_0.02,ImpulseResponse_score01,0.5647544535,0.07665269436,3,0.04425545372,0.08327327875,0.003252638231,4,0.005062475995,0.09118724815,sample SD across training-seed means (ddof=1)
TF_QL_0.08_KL_0.02,MANI_score01,0.5190901792,0.08144688977,3,0.04702338373,0.07313663621,0.0006410973665,4,0.006473321511,0.08434701464,sample SD across training-seed means (ddof=1)
TF_QL_0.08_KL_0.02,SubspaceAngle_score01,0.8363031607,0.09748542482,3,0.05628323626,0.1069270943,0.005526685996,4,0.008121736553,0.1168264634,sample SD across training-seed means (ddof=1)
TF_QL_0.08_KL_0.02,LatentStateOccupancyK11_score01,0.5522247316,0.02124626256,3,0.01226653541,0.02951905505,0.0006637657039,4,0.000285462247,0.03080954318,sample SD across training-seed means (ddof=1)
TF_QL_0.08_KL_0.02,LatentStateOccupancyK12_score01,0.5382408594,0.0269155633,3,0.01553970771,0.03917731458,0.001231989042,4,0.0004164502871,0.04060097695,sample SD across training-seed means (ddof=1)
TF_QL_0.08_KL_0.02,LatentStateTransitionLag1K11_score01,0.5720099292,0.01851248273,3,0.01068818689,0.02767516552,0.0006314851687,4,0.0001848407246,0.02857141742,sample SD across training-seed means (ddof=1)
TF_QL_0.08_KL_0.02,LatentStateTransitionLag2K11_score01,0.5386363941,0.01655818539,3,0.009559872792,0.02457055493,0.0004941606488,4,0.0001506333412,0.02539279406,sample SD across training-seed means (ddof=1)
TF_QL_0.08_KL_0.02,LatentStateTransitionLag3K11_score01,0.5169976593,0.01555001986,3,0.008977808149,0.02248504433,0.0004029916071,4,0.0001410552157,0.02332481131,sample SD across training-seed means (ddof=1)
TF_QL_0.08_KL_0.02,Error_score,0.4688419499,0.00301814207,3,0.001742525137,0.005735370046,3.210730142e-05,4,1.082356201e-06,0.005761046573,sample SD across training-seed means (ddof=1)
TF_QL_0.08_KL_0.02,MI_score,0.1680288407,0.006568188047,3,0.003792145137,0.01102914661,0.0001103260078,4,1.555959226e-05,0.01121987523,sample SD across training-seed means (ddof=1)
TF_QL_0.08_KL_0.02,FIDELITY_SCORE,0.3635573617,0.001601454837,3,0.0009246003812,0.002772515077,7.115330848e-06,4,7.85824883e-07,0.002810899452,sample SD across training-seed means (ddof=1)
sequifier,KL_or_JSD_score,0.1349234619,0.02940093982,3,0.01697464052,0.02832886534,0.0002124942918,4,0.0008112916893,0.03199665578,sample SD across training-seed means (ddof=1)
sequifier,QNT_score,0.4607953177,0.04105192996,3,0.02370134281,0.06226513024,0.003240480361,4,0.0008751408632,0.06415310767,sample SD across training-seed means (ddof=1)
sequifier,MOM_score,0.2269283476,0.06533195858,3,0.03771942387,0.1206016431,0.01398291122,4,0.000772537007,0.1214720059,sample SD across training-seed means (ddof=1)
sequifier,Mean_score,0.7320555783,0.04906855585,3,0.02832974393,0.04875022408,0.0007645158264,4,0.002216594216,0.05459954251,sample SD across training-seed means (ddof=1)
sequifier,TRJDIST_score,0.607458239,0.06976790416,3,0.04028051825,0.07102634644,0.001839075241,4,0.004407791641,0.07903712344,sample SD across training-seed means (ddof=1)
sequifier,ACF_score,0.6495765168,0.02656626511,3,0.01533804031,0.02785598084,0.0003210423129,4,0.0006255058638,0.03076602309,sample SD across training-seed means (ddof=1)
sequifier,PSD_score,0.2216267678,0.06502150441,3,0.03754018307,0.0608532811,0.0007679968601,4,0.00403579682,0.06930940542,sample SD across training-seed means (ddof=1)
sequifier,GRAPH_score,0.6673036415,0.02869279306,3,0.0165657918,0.06947999666,0.005168439811,4,0,0.07189186193,sample SD across training-seed means (ddof=1)
sequifier,CrossRegionMI_score,0.7339455714,0.03360795338,3,0.01940356093,0.04430504549,0.001395150153,4,0.0007807069919,0.04664608391,sample SD across training-seed means (ddof=1)
sequifier,LaggedCovariance_score,0.4384797212,0.02755922709,3,0.01591132718,0.08735748302,0.008652060029,4,0,0.09301645031,sample SD across training-seed means (ddof=1)
sequifier,ImpulseResponse_score,0.4738392687,0.1056095071,3,0.06097367734,0.1203221498,0.007780519236,4,0.009208238175,0.1303409276,sample SD across training-seed means (ddof=1)
sequifier,MANI_score,0.5832729728,0.0368807187,3,0.02129309287,0.05783812556,0.002879581907,4,0.0006402919349,0.05932852469,sample SD across training-seed means (ddof=1)
sequifier,SubspaceAngle_score,0.7427389804,0.09785575214,3,0.05649704484,0.1542963754,0.02058612225,4,0.004429217665,0.1581623846,sample SD across training-seed means (ddof=1)
sequifier,LatentStateOccupancyK11_score,0.4899584404,0.06006739963,3,0.03467992935,0.09507613558,0.007841049682,4,0.001647830078,0.09741088112,sample SD across training-seed means (ddof=1)
sequifier,LatentStateOccupancyK12_score,0.4957467488,0.04740455342,3,0.02736903168,0.06590629964,0.003311390019,4,0.00141934418,0.06878033294,sample SD across training-seed means (ddof=1)
sequifier,LatentStateTransitionLag1K11_score,0.5199458113,0.06469606195,3,0.03735228878,0.09710692728,0.007804740569,4,0.00223439529,0.1001954882,sample SD across training-seed means (ddof=1)
sequifier,LatentStateTransitionLag2K11_score,0.494116654,0.06337746345,3,0.03659099559,0.0971749839,0.007971014384,4,0.002023949278,0.09997481514,sample SD across training-seed means (ddof=1)
sequifier,LatentStateTransitionLag3K11_score,0.4762003135,0.06205599141,3,0.03582804334,0.09643412694,0.007943042296,4,0.001865185496,0.09903649727,sample SD across training-seed means (ddof=1)
sequifier,family_distribution,0.3886756764,0.02329348337,3,0.0134484989,0.03360895809,0.0008982768626,4,0.000318017152,0.03487540702,sample SD across training-seed means (ddof=1)
sequifier,family_temporal_spectral,0.4928871745,0.05358935558,3,0.03093982887,0.04861049164,0.0003353585139,4,0.002787979403,0.05588683133,sample SD across training-seed means (ddof=1)
sequifier,family_relational,0.5783920507,0.04562859343,3,0.0263436807,0.05783142778,0.002237051792,4,0.00152270559,0.06131686051,sample SD across training-seed means (ddof=1)
sequifier,family_geometry,0.6630059766,0.06487101377,3,0.03745329726,0.09645289832,0.007629865568,4,0.002300782035,0.0996526347,sample SD across training-seed means (ddof=1)
sequifier,family_state_dynamics,0.4951935936,0.0593367959,3,0.03425811509,0.08802682423,0.006341010761,4,0.001935602657,0.09097589471,sample SD across training-seed means (ddof=1)
sequifier,PSDShape_score,0.7877260204,0.04106046095,3,0.02370626819,0.03943878201,0.0004024334619,4,0.001585353088,0.04458459992,sample SD across training-seed means (ddof=1)
sequifier,PSDPower_score,0.1068205887,0.05227243157,3,0.03017950244,0.04891334707,0.0004953793241,4,0.002608562272,0.05571302896,sample SD across training-seed means (ddof=1)
sequifier,DirectionalDynamics_score,0.7235195395,0.02473475294,3,0.01428061627,0.02879256786,0.0004694075093,4,0.0004944561256,0.0310461533,sample SD across training-seed means (ddof=1)
sequifier,composite_score,0.521518355,0.04380722686,3,0.02529211422,0.05061382807,0.001425196723,4,0.001562773944,0.05466233317,sample SD across training-seed means (ddof=1)
sequifier,FINAL_COMPOSITE_SCORE,0.521518355,0.04380722686,3,0.02529211422,0.05061382807,0.001425196723,4,0.001562773944,0.05466233317,sample SD across training-seed means (ddof=1)
sequifier,FINAL_NEURO_COMPOSITE_SCORE,0.521518355,0.04380722686,3,0.02529211422,0.05061382807,0.001425196723,4,0.001562773944,0.05466233317,sample SD across training-seed means (ddof=1)
sequifier,KL_or_JSD_score01,0.1349234619,0.02940093982,3,0.01697464052,0.02832886534,0.0002124942918,4,0.0008112916893,0.03199665578,sample SD across training-seed means (ddof=1)
sequifier,QNT_score01,0.4607953177,0.04105192996,3,0.02370134281,0.06226513024,0.003240480361,4,0.0008751408632,0.06415310767,sample SD across training-seed means (ddof=1)
sequifier,MOM_score01,0.2269283476,0.06533195858,3,0.03771942387,0.1206016431,0.01398291122,4,0.000772537007,0.1214720059,sample SD across training-seed means (ddof=1)
sequifier,Mean_score01,0.7320555783,0.04906855585,3,0.02832974393,0.04875022408,0.0007645158264,4,0.002216594216,0.05459954251,sample SD across training-seed means (ddof=1)
sequifier,TRJDIST_score01,0.607458239,0.06976790416,3,0.04028051825,0.07102634644,0.001839075241,4,0.004407791641,0.07903712344,sample SD across training-seed means (ddof=1)
sequifier,ACF_score01,0.6495765168,0.02656626511,3,0.01533804031,0.02785598084,0.0003210423129,4,0.0006255058638,0.03076602309,sample SD across training-seed means (ddof=1)
sequifier,PSD_score01,0.2216267678,0.06502150441,3,0.03754018307,0.0608532811,0.0007679968601,4,0.00403579682,0.06930940542,sample SD across training-seed means (ddof=1)
sequifier,PSDShape_score01,0.7877260204,0.04106046095,3,0.02370626819,0.03943878201,0.0004024334619,4,0.001585353088,0.04458459992,sample SD across training-seed means (ddof=1)
sequifier,PSDPower_score01,0.1068205887,0.05227243157,3,0.03017950244,0.04891334707,0.0004953793241,4,0.002608562272,0.05571302896,sample SD across training-seed means (ddof=1)
sequifier,DirectionalDynamics_score01,0.7235195395,0.02473475294,3,0.01428061627,0.02879256786,0.0004694075093,4,0.0004944561256,0.0310461533,sample SD across training-seed means (ddof=1)
sequifier,GRAPH_score01,0.6673036415,0.02869279306,3,0.0165657918,0.06947999666,0.005168439811,4,0,0.07189186193,sample SD across training-seed means (ddof=1)
sequifier,CrossRegionMI_score01,0.7339455714,0.03360795338,3,0.01940356093,0.04430504549,0.001395150153,4,0.0007807069919,0.04664608391,sample SD across training-seed means (ddof=1)
sequifier,LaggedCovariance_score01,0.4384797212,0.02755922709,3,0.01591132718,0.08735748302,0.008652060029,4,0,0.09301645031,sample SD across training-seed means (ddof=1)
sequifier,ImpulseResponse_score01,0.4738392687,0.1056095071,3,0.06097367734,0.1203221498,0.007780519236,4,0.009208238175,0.1303409276,sample SD across training-seed means (ddof=1)
sequifier,MANI_score01,0.5832729728,0.0368807187,3,0.02129309287,0.05783812556,0.002879581907,4,0.0006402919349,0.05932852469,sample SD across training-seed means (ddof=1)
sequifier,SubspaceAngle_score01,0.7427389804,0.09785575214,3,0.05649704484,0.1542963754,0.02058612225,4,0.004429217665,0.1581623846,sample SD across training-seed means (ddof=1)
sequifier,LatentStateOccupancyK11_score01,0.4899584404,0.06006739963,3,0.03467992935,0.09507613558,0.007841049682,4,0.001647830078,0.09741088112,sample SD across training-seed means (ddof=1)
sequifier,LatentStateOccupancyK12_score01,0.4957467488,0.04740455342,3,0.02736903168,0.06590629964,0.003311390019,4,0.00141934418,0.06878033294,sample SD across training-seed means (ddof=1)
sequifier,LatentStateTransitionLag1K11_score01,0.5199458113,0.06469606195,3,0.03735228878,0.09710692728,0.007804740569,4,0.00223439529,0.1001954882,sample SD across training-seed means (ddof=1)
sequifier,LatentStateTransitionLag2K11_score01,0.494116654,0.06337746345,3,0.03659099559,0.0971749839,0.007971014384,4,0.002023949278,0.09997481514,sample SD across training-seed means (ddof=1)
sequifier,LatentStateTransitionLag3K11_score01,0.4762003135,0.06205599141,3,0.03582804334,0.09643412694,0.007943042296,4,0.001865185496,0.09903649727,sample SD across training-seed means (ddof=1)
sequifier,Error_score,0.4617453248,0.01419694663,3,0.008196610956,0.04644975334,0.002457883233,4,0,0.0495770434,sample SD across training-seed means (ddof=1)
sequifier,MI_score,0.06880842921,0.01279149486,3,0.007385173,0.02702358397,0.0007471151414,4,0,0.02733340706,sample SD across training-seed means (ddof=1)
sequifier,FIDELITY_SCORE,0.3242174113,0.01268142813,3,0.007321625944,0.02752919855,0.0007833195049,4,0,0.02798784566,sample SD across training-seed means (ddof=1)
